<?xml version="1.0" encoding="UTF-8"?>
<project-private xmlns="http://www.netbeans.org/ns/project-private/1">
    <editor-bookmarks xmlns="http://www.netbeans.org/ns/editor-bookmarks/2" lastBookmarkId="0"/>
    <open-files xmlns="http://www.netbeans.org/ns/projectui-open-files/2">
        <group>
            <file>file:/C:/xampp/htdocs/filmespoucos7periodo2024/modelo/dao/UsuarioDAO.php</file>
            <file>file:/C:/xampp/htdocs/filmespoucos7periodo2024/login.php</file>
            <file>file:/C:/xampp/htdocs/filmespoucos7periodo2024/modelo/vo/Venda.php</file>
            <file>file:/C:/xampp/htdocs/filmespoucos7periodo2024/modelo/vo/FluxoFinanceiro.php</file>
            <file>file:/C:/xampp/htdocs/filmespoucos7periodo2024/UsuarioList.php</file>
            <file>file:/C:/xampp/htdocs/filmespoucos7periodo2024/login.html</file>
            <file>file:/C:/xampp/htdocs/filmespoucos7periodo2024/modelo/dao/BDPDO.php</file>
            <file>file:/C:/xampp/htdocs/filmespoucos7periodo2024/buttons.html</file>
            <file>file:/C:/xampp/htdocs/filmespoucos7periodo2024/tables.html</file>
            <file>file:/C:/xampp/htdocs/filmespoucos7periodo2024/UsuarioAddEdit.php</file>
            <file>file:/C:/xampp/htdocs/filmespoucos7periodo2024/modelo/vo/Aluguel.php</file>
            <file>file:/C:/xampp/htdocs/filmespoucos7periodo2024/modelo/vo/Produto.php</file>
            <file>file:/C:/xampp/htdocs/filmespoucos7periodo2024/controle/usuarioControl.php</file>
            <file>file:/C:/xampp/htdocs/filmespoucos7periodo2024/menuLateral.php</file>
            <file>file:/C:/xampp/htdocs/filmespoucos7periodo2024/modelo/vo/newPHPClass.php</file>
            <file>file:/C:/xampp/htdocs/filmespoucos7periodo2024/modelo/vo/Cliente.php</file>
            <file>file:/C:/xampp/htdocs/filmespoucos7periodo2024/loginControle.php</file>
        </group>
    </open-files>
</project-private>
